live2d/biaoqiang,1697687,13ae52c63f1d92b34a7b1cd87b53c1e3
live2d/lafei,2325716,2d07624b85b5c1ae45cfa93a1c5fc590
live2d/lingbo,1067811,7a31024e91d1debc9c82c34f3bc1a3a2
live2d/mingshi,1781113,af67347a7cfe1ce1394c2457ac74dbff
live2d/shengluyisi_2,1756764,25e6eae45ddae583be57784670db7adb
live2d/xuefeng,1616058,d82ec73acf9cee621b77aeba06a7b6d3
live2d/z23,1139541,1f57f460ad013cee2fb22df6df614380
live2d/z46_2,1640808,fdec893f0e4eafe94c12fc778514053e
live2d/tierbici_2,2516802,bd12912f24e6e3b77a3d5a0816e38105
live2d/qibolin_2,2011606,c3db284c8c30d5a72b46268bd7766ffd
live2d/kelifulan_3,3603701,977666c7a11623a00ecaa810c706d6f0
live2d/dunkeerke_2,4108018,ab13ce39276aff19afcf93e978767207
live2d/deyizhi_3,6002046,407b2d77274da06a58855bb60fd13958
live2d/dafeng_2,3053912,33558b1aa51bb40ed069d4e58ffa438c
live2d/chuixue_3,2521945,d92d68fb7615f5ee9045442a35427189
live2d/biaoqiang_3,3293279,090971035196a056713b852683ddb20b
live2d/banrenma_2,2660103,687c836f751e4f071bd7a6f98c745d7d
live2d/aimierbeierding_2,2669484,a6f4f139d460bfa0138a0e16ec1286c3