live2d/biaoqiang,1698362,f4cff909a460386bdfd23c1b9980b26f
live2d/lafei,2324937,df25fdd15c148ea31ab5cdf2556a97b6
live2d/lingbo,1068470,d197bcf1e7356165e066c1ff4072376c
live2d/mingshi,904877,da07b02db6fa3b7e37130590a572bc2e
live2d/shengluyisi_2,1752810,2ee88135542a95ceea37da87b75c2181
live2d/xuefeng,1616157,81aa58c20da6b52d41e077a2e26c619c
live2d/z23,1139338,3f7155fb7904243ea75b8bda043d5024
live2d/z46_2,4213253,ef59389c8b5c28d034627c60d0e1636c
live2d/tierbici_2,2516842,420c85a75b6e40d2962dc04455b90225
live2d/qibolin_2,3740679,f5e20605d7716606f76c39e20f7f8903
live2d/kelifulan_3,3605691,d1ae3972a4d2212373a76e1a80b02229
live2d/dunkeerke_2,4109786,a219bf6f3a0dee13c803afd2673ec87c
live2d/deyizhi_3,6003584,5de7fb470b851c544eebd532bcfff54e
live2d/dafeng_2,3072856,b08b2f38e917d52d1c4206a3b03c44db
live2d/chuixue_3,2522764,7fe6d7c6688b0be2f6589504588251b6
live2d/biaoqiang_3,3293311,0255b2a88490cf1af95bfe28119f4e60
live2d/banrenma_2,2661139,80698a6a1f195164452e4da80d3677de
live2d/aimierbeierding_2,2669028,5ab90111e40c512c26ca539c185b846c
live2d/huonululu_3,3568432,deca68cd9912c3db3b51ae75162db8a7
live2d/aidang_2,2924663,14a65ee6ef6431b78ca46c26481035e0
live2d/aierdeliqi_4,4247128,220db805ac98943c0e39c87d974dc482
live2d/shengluyisi_3,3720237,7f5ce53660a0e3e20091035c7a705531
live2d/beierfasite_2,4663645,0d0c0f39029481bc7437bc8c2fa25455
live2d/lafei_4,2683606,960399bd0bd1778386465fb3900846e9
live2d/yichui_2,4549933,8c2bd9025ea64183434c0fe271033048
live2d/taiyuan_2,1722372,4b9070815d0727b6e1c8855d07740548
live2d/dujiaoshou_4,1557126,18187685cc92cf9b3616001ce94f2cb2