cue/cv-10117-battle.b,293056,83edd117af75fe890f192add3d1b34fa
cue/cv-10117.b,2474240,c1d809517461ec13c9d94090b7b1902f
cue/cv-20121-battle.b,361376,e9d10d4eface710d0473bb6b6f0cf03c
cue/cv-20121.b,2280896,86afea285d9833e64eb1905c5ae9bc57
cue/cv-40123-battle.b,201344,0154280fcaeab8dbd4c175e4380e30b8
cue/cv-40123.b,2375296,c46e13353b02bd9c7508041a60232537
cue/cv-shop.b,276128,f0f59c0978bc6ad2a0136f4aea319ada
cue/cv-chargeshop.b,383968,d8e929b599f3062dc0287a26cc2993b1
cue/cv-90401.b,2312384,5e9e6e01a79ad9d3af610c9dd444ebce
cue/cv-90401-battle.b,212672,74cd4f1137bf0dcb55f2875b01beaa44
cue/cv-90101.b,2464736,6f287031684f38461ab81308fb0ee08c
cue/cv-90101-battle.b,298400,766918c9028b64ade764232cdacd1a00
cue/cv-89901.b,1420160,e940b7a8be44f53f244d31e3a0950310
cue/cv-89901-battle.b,128672,c46a3580f548441a25ac7d57224ea4fc
cue/cv-80801.b,1602976,afefd851ec26bedddc3ec7ad0f34ab9d
cue/cv-80801-battle.b,188896,a4e713b9d4c9cb23e74522d60c8bb549
cue/cv-80201.b,2086176,d8af3a32a112e2f17f1ac45cebb043d0
cue/cv-80201-battle.b,138592,4ab96f1b8760d103f1d56a4a2cbdb243
cue/cv-80102.b,2620000,0a86aef0c017284eeb5ec82c58ded12f
cue/cv-80102-battle.b,241280,7b26ef4937f397918ede015ff344ec0b
cue/cv-80101.b,1228768,cfefef669a94bb09d77093fcbf47549e
cue/cv-80101-battle.b,156064,fb04dab62b49f6581757deecb0c2c7cd
cue/cv-70201.b,1374784,213c0a39cad29512d815076600e11f7e
cue/cv-70201-battle.b,108512,8745d53080ed2738d33cf8860b90bde3
cue/cv-50203.b,2475584,eefd38c1359504d6eb9fc38f3f95e187
cue/cv-50203-battle.b,193376,cd3645b5f3aa70b90a94ee0b9d30c901
cue/cv-50202.b,2452096,ac1230e2bf64bb5edcadb72cdf891ca5
cue/cv-50202-battle.b,167392,4467cdaf0b7668a80af3c114d52f6660
cue/cv-49901.b,1535584,47b9bf228e218ace65456e256c6a3ebb
cue/cv-49901-battle.b,235488,cb705a4079d4d203e5d74704e14f409a
cue/cv-40801.b,1245024,51a8d854e8d5f5a981c2959aabd93027
cue/cv-40801-battle.b,163200,f1dfecc524654d4cc2edbb917487df04
cue/cv-40701.b,1966464,e938c152620c0813ae893627a96dc376
cue/cv-40701-battle.b,130432,dd6e500dc2c1004edb8c509f8bc33f4e
cue/cv-40502.b,1394816,33d308abf60397e19fe04634bce9d289
cue/cv-40502-battle.b,101888,b19ddbac2e103d8d8a0db9dd29eb7baa
cue/cv-40403.b,435648,1315d3cb6dcafdc90650981d2b5eace7
cue/cv-40403-battle.b,103168,e3ba49da06c8ddb8e55f5b45e193ef99
cue/cv-40402.b,1108096,4e5cc6b421f111f8fe8c23c3c039fb2b
cue/cv-40402-battle.b,102176,a421806a482228497a2031e94f2252f9
cue/cv-40401.b,1030272,23b2a29ef4212b2b1075adbd02d26159
cue/cv-40401-battle.b,116832,13cc5d96ed4fb6999e1c1893828f85c1
cue/cv-40305.b,2029760,8fc0fc137e9922e590c62b8c7add4cd3
cue/cv-40305-battle.b,215808,d12882897a081afa0a538eabfd0e6b7c
cue/cv-40304.b,2008032,a8a752e952cf1b615899bf7074458d7f
cue/cv-40304-battle.b,268832,fa8935f53fb48dfc9201b4e75cb0269e
cue/cv-40303.b,2754560,83227fb173f4f8bc01e908195fa505d0
cue/cv-40303-battle.b,235200,27f83e499b72464003608d648cc75e0a
cue/cv-40301.b,1360832,c6e3a971b8051b5876a726db995737d8
cue/cv-40301-battle.b,123520,28e8ee059b80224afb9b0defa0252bba
cue/cv-40204.b,1195712,bbdda541b7596e8c5c742c0930e708cb
cue/cv-40204-battle.b,181344,5abf2b12073032bd39323adfb5ab0872
cue/cv-40203.b,978336,e793d82969cf0ba8e83b61d267e7f91e
cue/cv-40203-battle.b,123552,960a605864ef2975f62abc0e879e652c
cue/cv-40202.b,1162912,8666b61dc4e8ec300123916bd65ab0e9
cue/cv-40202-battle.b,93280,4ed017b9812e2f2ad5cbe0be8514d864
cue/cv-40201.b,1329056,5d8e35112708776159ee12c198da149e
cue/cv-40201-battle.b,115744,8ad0e9de3346acc0d2bc76d98d5af680
cue/cv-40146.b,1534464,80625aa7f85714819b20f7b4c47bb198
cue/cv-40146-battle.b,212480,c41378c171f67e35777097474b960b41
cue/cv-40121.b,1383744,b6e32be7997d6fe7dfaae37af28c6cfc
cue/cv-40121-battle.b,102784,b3bc1e4bc4b1ac0b4e8d7f7f5aa66c32
cue/cv-40120.b,1044576,1612b57ac615b49591aadf3d189c8b0c
cue/cv-40120-battle.b,111104,08fe8588f7e9094f1b35e5e58064adb6
cue/cv-40119.b,1173088,dea42ccbb425f36c61c986c06a5f6241
cue/cv-40119-battle.b,118464,8a618a1518c2b82b08e5262ec784aed9
cue/cv-40118.b,1106304,1565b373ae32ad7ba0a574449a2e3d50
cue/cv-40118-battle.b,94208,277e09d2ec94e5f631210a8474195650
cue/cv-40101.b,1329120,8faa8d8120c1dbf5d284ce1f3cefd422
cue/cv-40101-battle.b,102912,767be73e2acbc83452092542974d05a3
cue/cv-39902.b,1385056,73a045dd8213fb6bdc9879ca25a54acc
cue/cv-39902-battle.b,150272,867f59cc8563fa568167537de8c4d3a1
cue/cv-39901.b,1543584,549aa736af47660be04941cfc67e34fa
cue/cv-39901-battle.b,150304,508c793b641ab6d5a9c0217604e451b6
cue/cv-31201.b,1617952,55daf4961d427a542462e036e478e3fc
cue/cv-31201-battle.b,143840,53731e0678fd2f0e05ca85e8d64d5119
cue/cv-30802.b,2228736,1610ab2a4166cdf04f11be3c7985621b
cue/cv-30802-battle.b,201824,9100c8aee32b6423c66ae03045a23de0
cue/cv-30801.b,1590464,e365963c587c1371644af5370797ead5
cue/cv-30801-battle.b,236512,6098215fbea01b734bba40204d21d59b
cue/cv-30707.b,2216480,2276a0b340c3353b503fda318e437cd4
cue/cv-30707-battle.b,199776,bbcb7fb8727c192bdeb5df14d28febe2
cue/cv-30706.b,1348960,68ca6853caa4c0a90d0b10409443babc
cue/cv-30706-battle.b,227872,79ae2891ab86413efcf111c67af053d1
cue/cv-30705.b,1672160,4cab7e9159cb4d3156f356068ef03276
cue/cv-30705-battle.b,315392,644e2969147f140b28610f582e7065bc
cue/cv-30704.b,1244256,aeab73846f761982f39e73c5a1b6a555
cue/cv-30704-battle.b,138368,bc56880e40ed350731ef28d21eeb90a0
cue/cv-30703.b,2104896,204e93a7d099a5b693fce772e0a59954
cue/cv-30703-battle.b,196000,c7744b964dc552e21a5f1adfb8ee2e29
cue/cv-30702.b,2509344,3a8099acb54bcb5cbbfc7d4cf795e932
cue/cv-30702-battle.b,368416,b6523298b2cccdf0a219750f493f23aa
cue/cv-30701.b,4244896,016603fe534fc7b7e2c5bd9a60f6d031
cue/cv-30701-battle.b,308448,7b29b2bd099cc4ec0445e95d0827cf04
cue/cv-30605.b,1882432,f2b08985b3a14194779fd5f6e2f907e8
cue/cv-30605-battle.b,147264,fd1d224ba099c9493a1168ffff12e85c
cue/cv-30603.b,1940416,a3a56087bca4c7b44cc5b852123d6426
cue/cv-30603-battle.b,129888,84dc50117c92833225423ec86d1f809a
cue/cv-30602.b,1473600,cb4581b6f1509787af1c1209881ee9f0
cue/cv-30602-battle.b,188992,c1fb46bb8775ec506abf1aaa0a912a94
cue/cv-30601.b,1050400,f25ed84a0a19add812e9dfae6bcdbf8c
cue/cv-30601-battle.b,99744,f3d9bc6b7f10963db04e83fd4363f9b8
cue/cv-30511.b,2736320,7f12be983e534a8c438713aaff0c1365
cue/cv-30511-battle.b,359424,61a1fa1193f3103fa12c8765f4ae89c7
cue/cv-30506.b,1313728,5ffe4737b43347598b949385e1b2943f
cue/cv-30506-battle.b,183776,fdf8b4c5e77b1c44ce317b9f5a2f2ace
cue/cv-30505.b,3041856,c35bd558d3bd819ccb7b934c2ed3720e
cue/cv-30505-battle.b,252512,efcb5a746437fbc1bd76480568445007
cue/cv-30504.b,1420736,2bbb834132271c99320653a0326271bb
cue/cv-30504-battle.b,119392,da6df91d731de4a2305a855b4b7bb03b
cue/cv-30503.b,1447488,b7ea657c42a6f2915bbd7e3549f25186
cue/cv-30503-battle.b,115360,dbd19370200a8f88a76f91d9b4d32294
cue/cv-30502.b,2972448,d96f554d6e90242560a45dd11826f799
cue/cv-30502-battle.b,186176,e8d118c332dc8caa10cb9fbe73a61d3b
cue/cv-30501.b,2813920,70f0abe1f5dd71b87b4a315f809c6262
cue/cv-30501-battle.b,160672,c2d6b4709894d3ab4789c3ffed3e0f6b
cue/cv-30404.b,1751040,c97b1e212c97ab6be03dc482159a073e
cue/cv-30404-battle.b,285696,d2995b80aafe23744ea9bb1225249c79
cue/cv-30403.b,1484320,963dad3c83a7e06d2875bff59886fb39
cue/cv-30403-battle.b,267840,058887e6b80b216c70aab9a0cdaa06dd
cue/cv-30402.b,1296672,d165daf26f6a457564ec36c6be569180
cue/cv-30402-battle.b,201376,27e37104342ec5ac2d11e43c445cf83f
cue/cv-30401.b,1202560,1ff09203aa0d1b70ad0e18252dae1cf7
cue/cv-30401-battle.b,244512,e7e82232b0b145bdaba30b7d478ec65a
cue/cv-30314.b,1501568,ce86c7eec1d8f2b3c9c3c73a85b2e3cc
cue/cv-30314-battle.b,187360,76e15e35ac1e3842591bf025cecfb230
cue/cv-30313.b,1462304,1ccbd64984d756ee713ffa571cc429e2
cue/cv-30313-battle.b,124640,6963292c0dc1a45021000100024930cc
cue/cv-30312.b,2578848,41781c8bef8cf53228a5503f12d7cc79
cue/cv-30312-battle.b,181920,09a13babe689e0b272b6eba99bfe290d
cue/cv-30311.b,3662240,31a6d00b69dc89b4cd718b7c1b8bcf9d
cue/cv-30311-battle.b,241184,770ef759c66f7a355707d1fc703aeeb8
cue/cv-30308.b,1351712,4417cf713726b34f9d4cd950c6f03dd2
cue/cv-30308-battle.b,102464,2972870b7c5dc69bbd12cf2a58ecb234
cue/cv-30307.b,1233312,8475e8379b3ea0f5c3460bcb50213bab
cue/cv-30307-battle.b,116896,58f876969a989a467993583887d01431
cue/cv-30304.b,1327104,fa62b85e8cf498c7c5f8398afb73545b
cue/cv-30304-battle.b,125472,6ea6c8ed5e5c6dd41e51848c2cdd3bcd
cue/cv-30303.b,1577504,6841b3ceee05ffca37684af71e23999b
cue/cv-30303-battle.b,267360,67501450417aa5246526c5c5340b7f42
cue/cv-30302.b,1681920,a08df1beadd90a7695b68f8b1b8294ea
cue/cv-30302-battle.b,144224,300340ced31d359336c7f272b09e75c9
cue/cv-30301.b,1654656,a9aa2f45e7c10df24e5df4a91756e507
cue/cv-30301-battle.b,124256,40ba77eca1ddea08e380d9c08604863b
cue/cv-30220.b,1704896,71ceb9aa7587576a6592d58dc0331993
cue/cv-30220-battle.b,198400,da9c33befaa6d9636b36dac59b5295e0
cue/cv-30213.b,2068416,96c9ab06241c0e64abc97e0bdb7d5661
cue/cv-30213-battle.b,131296,5c2e7f999e1cac3e42135b1ae751786b
cue/cv-30212.b,1937472,31cb064b5eae822702ba8221a19126f6
cue/cv-30212-battle.b,284864,1c75f24b0f49d06c5cd669c3d583dd85
cue/cv-30211.b,1721472,f0d781827a98821d9597d7e126cc7d80
cue/cv-30211-battle.b,159456,2fadaddd1484b8631b0e44e3037bfd9f
cue/cv-30210.b,2483776,72d11571a787e355b0cb4102f9d2c5e4
cue/cv-30210-battle.b,286848,602c7054d54a100e4817dc83d69eda72
cue/cv-30209.b,1458560,77ed72ab807e74f76f6823fa6d213774
cue/cv-30209-battle.b,163232,1d404f99e1a58f8fc0f7bbeb90898726
cue/cv-30205.b,1101536,9945aacdf09a244b43c1594e208d4a65
cue/cv-30205-battle.b,117760,5d3728fa59ef7851d7bf5d84da8ac7f4
cue/cv-30204.b,1087808,1aa69e9a15b81480a7eb03b6c6d7e9b5
cue/cv-30204-battle.b,125696,1c01a9970b90dc86fb17dda802a09bcb
cue/cv-30201.b,1345344,9c890cba9decf8c05c14b6035e0f2eb9
cue/cv-30201-battle.b,145728,8272988c993f2b6e4f77d20673aeb4f3
cue/cv-30165.b,1885056,c08a934596d414f31d04a754a2b8b8f3
cue/cv-30165-battle.b,184448,60ca057dee77e9da80b6308f4391ba65
cue/cv-30164.b,1640192,fcd05a57260e6a9bd7a6904c7a61ad8f
cue/cv-30164-battle.b,187712,1ba17c341f09e53106bad482399f725d
cue/cv-30163.b,2194624,672e6d76b83f371d253e7835a6e6e2bf
cue/cv-30163-battle.b,187904,d819449d9073a3909283cab538268a7c
cue/cv-30162.b,2326592,2777f06dc57445fec754a05e72a8358e
cue/cv-30162-battle.b,205888,0a6923ac1db3fcd3d0ca492fc9510a14
cue/cv-30161.b,1840768,6b17d339e5745bbecce355e81c6870a9
cue/cv-30161-battle.b,195360,179ea9fe5d0e3b9754e5ead19c20579f
cue/cv-30159.b,1589248,238f41547c2218f6cf217ee11ee9c1da
cue/cv-30159-battle.b,192960,cf311c2d1ba50f68bed2713531b8ea17
cue/cv-30158.b,1357984,456d9aff947d44e967a40ddc2e0873d1
cue/cv-30158-battle.b,141472,b888f3801d266fe22ea914958e2f6d6c
cue/cv-30157.b,1600384,0a768bc4604f3feb51dde282125175b5
cue/cv-30157-battle.b,172416,3709a9663856528bf232c71a81eb125b
cue/cv-30156.b,2092992,ad3327fef3927cdd5f7ea6d1cbdc7ef3
cue/cv-30156-battle.b,116256,81ab15bd49ebbd56a952292ec1665fa0
cue/cv-30149.b,2087200,8714fd7a7c6b6a3faab12609c9f6b55e
cue/cv-30149-battle.b,207648,bb51a2ada8d10837976d801be4a304e0
cue/cv-30141.b,1659392,2b7221a9079b84acaa28affca79c56cd
cue/cv-30141-battle.b,94656,2f7cd3d745c55a306b1072ddadc1a579
cue/cv-30138.b,2308512,e2ca8cc8ce10ccc0d8df1f1f3880cf93
cue/cv-30138-battle.b,176832,9db4c31374e5ba219a86576337f5f2ec
cue/cv-30137.b,1352288,53097db398f031341c92b86c04bc91ba
cue/cv-30137-battle.b,132224,0cff8e9a2c1ca6c193f8a45c144bfce8
cue/cv-30135.b,2452320,f9e18e603bede6c7d885ace38ad66087
cue/cv-30135-battle.b,214752,c1e8ad6907354865cf0435ad3ec5e719
cue/cv-30133.b,1601600,98185a6581df7ea40d5844761a6a11c5
cue/cv-30133-battle.b,134016,88cb5b95ec9db0b45fd9ce4347235eeb
cue/cv-30132.b,2295936,06eb16c36aaac15e0bc4995154b14009
cue/cv-30132-battle.b,89888,8d0b4d3e27cf09248f7ca6548ce1257d
cue/cv-30131.b,1589280,c202563e8d7d3b0b1005a3835dfbe38c
cue/cv-30131-battle.b,97888,3c98a88d0a8c0861404079d9c3acc820
cue/cv-30130.b,1370720,9dca69a93a302683e4b36af9bddea20f
cue/cv-30130-battle.b,142528,be23d7c886567dc7095e99e35ffb1f88
cue/cv-30128.b,1759776,a4bc0b9f5c35ad7c9711123f5952e8d0
cue/cv-30128-battle.b,133760,501a385c0a31085c28e07c9e19089c25
cue/cv-30127.b,1388064,505e65e4d2ac33402d5a2950e66c4604
cue/cv-30127-battle.b,153568,234bb22709f1c61544054fa028fe2281
cue/cv-30126.b,2208032,3455046dd50964cad9e56c189fe902c0
cue/cv-30126-battle.b,202368,baa63fba504a2af2296da76b698d079e
cue/cv-30123.b,1242368,0ce5f346a0286e10763104c4efb348b2
cue/cv-30123-battle.b,110208,9e384cde367666b8d58da7cadb43c79c
cue/cv-30121.b,1580800,e9af304e9516efbe5c25d57101024346
cue/cv-30121-battle.b,140480,ac2256189c97c1fb146d81a44a4cf415
cue/cv-30120.b,1175232,85062fce844cd2440fc8c6f31d5f885f
cue/cv-30120-battle.b,163808,3c520ebe9f90055bc412a37c1b4c6448
cue/cv-30118.b,2578944,8dda9b336f2aa1416c40107698ac52aa
cue/cv-30118-battle.b,130656,bc5bcef3bd9d7ee7ba26e970e13c2b74
cue/cv-30117.b,2148256,1fe6104bbacf8ea61a367a2825e99c47
cue/cv-30117-battle.b,159904,c0030501973d09e8ff3a5db491e1b0c3
cue/cv-30116.b,3253248,6e180a375abd3b79e712eca1c3913d0a
cue/cv-30116-battle.b,221696,ca8ca46573f433953aa6891ac981c05a
cue/cv-30115.b,1341088,22bf7b256b2442028b75322ca54dbd47
cue/cv-30115-battle.b,127712,b48bdcabaf214bd6f45cf8acf6955189
cue/cv-30114.b,1432640,2a7a6f020fbdd731eafe2ff95ca8fd12
cue/cv-30114-battle.b,132864,2641b4ee2fde4784462174a471ab5d76
cue/cv-30113.b,1945088,90cdba94abb8e7b7e24be3195c5de399
cue/cv-30113-battle.b,237248,b86e86bf3a424f2eab642167051c0d9b
cue/cv-30112.b,1771392,4e4caa014afd8b2f59b5b187f0b43823
cue/cv-30112-battle.b,194656,0dd7a59c36c4d2d42796bcc07cf7cd15
cue/cv-30111.b,2464416,68a9362d7cd2f7fa61c5757bd30e27b7
cue/cv-30111-battle.b,253152,962f3fffc4a87a7b4851b8a5198ac032
cue/cv-30109.b,1534336,94c1c7907adb4a38b3b659353e63678a
cue/cv-30109-battle.b,138272,562530f0b8384d7ea2ba9419c9542fe1
cue/cv-30105.b,2107040,c04d4ef33b59267ed152b14ee9350c83
cue/cv-30105-battle.b,262656,0219357e81c1e48cbf2fefd0dc51ebb8
cue/cv-30101.b,2818016,18ce7b91c674227846a6cbdf85ed571a
cue/cv-30101-battle.b,408832,3c10c7aa2c93734910407c095b13dc79
cue/cv-29902.b,1448480,7500e43bb937d2fb780921e297ad67b0
cue/cv-29902-battle.b,256736,9bbdc3d07ec9a46b7f1ef221eb1c440f
cue/cv-29901.b,1583680,b88ab456c2aaad5021cb80da5b5a2b26
cue/cv-29901-battle.b,140288,793063c81998284a7190619fcd85aeed
cue/cv-21304.b,1347072,65f75ac81dab8e424a8f0fa4ac0dd29c
cue/cv-21304-battle.b,139584,cb813042b5a94274ae47efefcdf4f802
cue/cv-21302.b,2127648,741f87fe3c6bc2a3a865b4888fc78c1c
cue/cv-21302-battle.b,208576,a98a50305e91b9edf9bfffa7ed8eb640
cue/cv-21301.b,1820832,fa28c71ef47351808deed29f841b5743
cue/cv-21301-battle.b,231744,497a447e1f66a2ff4ea6d27a98e8af5e
cue/cv-20706.b,1676480,47f4ef263628362216d58280e704c5ec
cue/cv-20706-battle.b,165440,24e31ed4c4ee6aa744273c65f7cd3b3a
cue/cv-20704.b,1689440,c8ca6d97cd4549c4108e2eea1b3e9014
cue/cv-20704-battle.b,329664,e79e4238a00bb84873bacc4db06975a5
cue/cv-20703.b,2125504,ef6f8ece30bafc6877cb81c0a806620d
cue/cv-20703-battle.b,183808,533e1945008c0eb2610e9b0ca901bf60
cue/cv-20702.b,2240960,9939dd571cd8505be7911c31a3c6c39f
cue/cv-20702-battle.b,194240,4da02a81540575b72a912405394fcc75
cue/cv-20603.b,2140992,26b607b53e365338cd85780798885048
cue/cv-20603-battle.b,167616,225669c35c86f9feb9549ff99e006b66
cue/cv-20601.b,1307712,d987e61c8c16daf973be4a1d24cfb6e0
cue/cv-20601-battle.b,161792,cc36c37dc62ddec581fdff6563c508dc
cue/cv-20507.b,1917344,6e6b9b841aafc6414322818162c81d5e
cue/cv-20507-battle.b,238016,b27d9ae5cee073e85680a95ef0247e94
cue/cv-20506.b,2819968,214a123484e34dd0724eed6d4fc24b2d
cue/cv-20506-battle.b,342240,95e0cd12738219aeb66c918fa4fd4862
cue/cv-20504.b,1412480,37aa9f8cab3cce4a6451f2c9c3f9ca20
cue/cv-20504-battle.b,228064,ffd14c6303c65c684d46fd8d03f7060c
cue/cv-20503.b,1202368,da50dde85f98f3fdb6df6b523e31915c
cue/cv-20503-battle.b,163840,1426fe9ca0916e83f14c1ecad569a44a
cue/cv-20502.b,1852416,855b233ba89a6f4eeacd2f332201dd80
cue/cv-20502-battle.b,257600,cc27650373112e3174d94ff9c296faf9
cue/cv-20501.b,1923552,d884d3a8871ed6e00a49dd231aa0e7bd
cue/cv-20501-battle.b,231808,30c803f520cc3dfe00ab526c76d6d088
cue/cv-20403.b,1754240,876c81000d9691b6bbcb8362a0ff240f
cue/cv-20403-battle.b,196608,37578f02a14af23b96b6ffb59f0bda67
cue/cv-20402.b,1253024,5a2288a9a87dfec9d75838ec569d3185
cue/cv-20402-battle.b,153920,78a0572b8087b2b2dd6f04ea3401f858
cue/cv-20401.b,1132224,bc910fb742623ab1250bb4125a1240f4
cue/cv-20401-battle.b,170752,d74e2f1205e04c8a179ff5a07b2be84c
cue/cv-20308.b,1054848,9b568517b5fb331255f80358eee5cd3c
cue/cv-20308-battle.b,170688,e0d8e4c43bc03f6ce92c584ba426a9d2
cue/cv-20307.b,1100064,1f71eb4e82ef879466001a2f3cf41bbd
cue/cv-20307-battle.b,150400,01a73165539a325456f1b73faff85ef7
cue/cv-20306.b,1238560,5966c8c55cd44be822d0c6cf535a98a3
cue/cv-20306-battle.b,119840,f7602ccc6614c26e6a8a4abbe6329149
cue/cv-20305.b,1058528,8d7556da95aadf4100827c8ab1edce62
cue/cv-20305-battle.b,131456,405a760a1da4fe697c8273c83b19f344
cue/cv-20304.b,1659776,9dd8371404cc2a50d47575ad0e1888b7
cue/cv-20304-battle.b,119616,0fa816de47a4e83a168ce561f64ce591
cue/cv-20303.b,1016032,31a16a226427f10c3f2a78088df27a42
cue/cv-20303-battle.b,108768,df31504671b45c5a3c18438d1237ba62
cue/cv-20302.b,1182240,8a0cf12bf30d8fb2ebd12f388191662b
cue/cv-20302-battle.b,128192,6e3124d53911c93c66c1f74555d0dc57
cue/cv-20301.b,1199968,9c0d72ec00ed7d448cf698fe33b4f105
cue/cv-20301-battle.b,150656,78d34f644ec93a7c5ae2a33abb33bf92
cue/cv-20218.b,1510528,04aab60d0098be1da5a61b17677bd5a9
cue/cv-20218-battle.b,184640,bce776f7a3d37767ce4a1b7ad1b4ae12
cue/cv-20217.b,1478336,ca84326c02db40fda087a84c1607fcd2
cue/cv-20217-battle.b,217632,ef2354dbfa40e9e29f37a23a2b1ba56d
cue/cv-20216.b,1403776,e15608a4f7439956472ada3d230e23a1
cue/cv-20216-battle.b,117344,460a3f23342c86b03d35f010d53bdad2
cue/cv-20215.b,1910880,39c87cec7e204258a5c996c1f3fb9b7f
cue/cv-20215-battle.b,144704,2dbde981038bd667a58e1ef562cf45d5
cue/cv-20214.b,1328768,986e51dd8f9d9629928281ff7cea03b3
cue/cv-20214-battle.b,138688,7a3a0374df41c7d3deb17dde98eae2a2
cue/cv-20213.b,1010656,8e0147cd01c14445d91aa430d65a96e1
cue/cv-20213-battle.b,108576,921281a5ef704cade503c74d77e45716
cue/cv-20212.b,2395232,9c439d5b00d64acedc190fca57d5a05f
cue/cv-20212-battle.b,158464,9c206279a53f24b2ac8049cc576c104c
cue/cv-20211.b,2020864,a56494d88ef43ec43ecf84e2a1c2a8d1
cue/cv-20211-battle.b,250336,8b13b0132efb55a60bf2f8ec66efedbf
cue/cv-20208.b,1425504,5e00a9cad6d5033f73ed87e8b3a1eaa4
cue/cv-20208-battle.b,172256,b0d19880c3153624ec583261f88d0702
cue/cv-20203.b,2728256,76b31faa119e6683e450727d5cbdf7f3
cue/cv-20203-battle.b,213408,32b733accd796fc2869e9c6bbaeef01f
cue/cv-20202.b,1321504,f605b7ba5504cf25df9e8e03796feb33
cue/cv-20202-battle.b,154720,722d18bbb9f08c5447986efe16a064b6
cue/cv-20201.b,1273888,088f66a848766c44887f5828f572524f
cue/cv-20201-battle.b,84608,eb0e39ea8c0080bb096742cdd13a27c6
cue/cv-20127.b,1065536,d75f12be3c45b4f17be78f1b5e278540
cue/cv-20127-battle.b,117760,8e56eb593c83ce0bec496c81b56dc0e0
cue/cv-20126.b,1231424,1c8c69b7a59c7d48b0c317e64e31babb
cue/cv-20126-battle.b,104160,fee2a9258c761bd8384877ba069df17e
cue/cv-20124.b,985376,7992de35b7e393da4b410ca9bc2549ab
cue/cv-20124-battle.b,105216,bab9ff75f9d36a555aad8084fadd4c84
cue/cv-20123.b,2717056,ad85a917a4873810fb8fc3785f2043c2
cue/cv-20123-battle.b,248192,68e589c733e5bf592554a528984ffcd2
cue/cv-20122.b,1055072,ea588449bd7972cb2cc3dddbb91d57bf
cue/cv-20122-battle.b,119744,e7558545c5345ac41c51172628950ab2
cue/cv-20114.b,1022944,e0ae6814e032318b20eaa12412686879
cue/cv-20114-battle.b,190048,848f37ea4f0e46e9e6b20b7c8853ca16
cue/cv-20112.b,1385152,7e68fea54c02943ebcfdd45bf9f5b081
cue/cv-20112-battle.b,171040,d0c2353ba4dbdef3823cddd395eef2e9
cue/cv-20111.b,1745920,78e433350ef085867228101dd977e037
cue/cv-20111-battle.b,124224,3bb56b3399b600a9b6709cae3f3397fb
cue/cv-20110.b,3397952,5862e5f451fdd94a6ea09c6830df1f0e
cue/cv-20110-battle.b,199520,c9b3616c1982e8a1f1f2d3cc23694d04
cue/cv-20109.b,1909728,99fb08882f0dfd64e599c760e97df5d5
cue/cv-20109-battle.b,174880,f65dd95d9e4d16bd1ba17617a9d65af4
cue/cv-20108.b,1476032,9cbe9cab66a432b29d74d36d41c53f17
cue/cv-20108-battle.b,180768,7b88d9d422c68fe313d7e90e3a6339fe
cue/cv-20107.b,1197440,229908d2b42a0bbfa2559c947891a4c2
cue/cv-20107-battle.b,148544,2d459bc60718e4e653f73a015562f43c
cue/cv-20106.b,1097664,3ccb8bd7783d161802e4eeab4bd53f4b
cue/cv-20106-battle.b,78976,0ae8d2b2a87fb1877d4e440275772023
cue/cv-20103.b,1852544,59b58c6f99c39fd120f1870ed2c10079
cue/cv-20103-battle.b,118240,2b9b3f59f83c03bf033393a879bee972
cue/cv-20102.b,2700896,39e409f558f1f5d0d278b60c3a1603ab
cue/cv-20102-battle.b,188416,c18ccbdd8887282c8da152e6ba0d8ef8
cue/cv-20101.b,2132192,8411885ea9c985651cc88c05ee88a6d7
cue/cv-20101-battle.b,250304,fbeb480aa1c7f2937201849a558a938f
cue/cv-11201.b,2211168,4e3f9f4875683bfe66d504af2b9493d8
cue/cv-11201-battle.b,266912,31c64739f049604928f1443fb2af720e
cue/cv-10802.b,1763424,6433da9a00090bb5c741b3d92ceaddc8
cue/cv-10802-battle.b,191808,952915545b962f060c80770f61997449
cue/cv-10801.b,1696896,b5c0c31e5c840273ac779a85fb00a83b
cue/cv-10801-battle.b,156448,0131d4880bbb5a6b0478ff1509eb7550
cue/cv-10708.b,1480736,dbd94a70a0f907d7fcae6497ac919b1a
cue/cv-10708-battle.b,91584,73b9040ba1c4cb99c236c037dc215437
cue/cv-10707.b,1228992,c601336cde7b3a2379db75f49699ddb6
cue/cv-10707-battle.b,124768,e237db3235fdb416854b531de0aac4c7
cue/cv-10706.b,1956928,bad6ee5be1e445f158a781dc06d46bb8
cue/cv-10706-battle.b,190112,7ec892fd5eb3c8eeea20b00363a0bca0
cue/cv-10705.b,1464896,c469965288f76ca55ea161cde4548c9c
cue/cv-10705-battle.b,191808,8f60005e4e91988cb08d2f2d2e71ee52
cue/cv-10704.b,1802560,d4bbc4238b7acd94c8d205ac9dad202b
cue/cv-10704-battle.b,257568,25e901afd831db981c6691b00b61b9c3
cue/cv-10703.b,2590432,95c7319537fed7ea185309b14d3532aa
cue/cv-10703-battle.b,356416,dc3944e6cec5509e305f14906cfa17c0
cue/cv-10702.b,1522400,a198b5f36479b1141cfe9034f841953e
cue/cv-10702-battle.b,220288,a03ed5666df974a7bd8f4f4c1fc28023
cue/cv-10701.b,1537824,1678aa033eb9e4aee22aaf19b4cb9076
cue/cv-10701-battle.b,128832,8a1468fcafc3ee1b01ddbeaad9b9c0e8
cue/cv-10602.b,1409568,c9401b44a025910c113402f31e554797
cue/cv-10602-battle.b,98656,4bd3ac4c9516772eb6665dad124b52e9
cue/cv-10601.b,2662432,719c82962fea5326488a13f7973aae0f
cue/cv-10601-battle.b,273056,a1c5b49db50553507198e39548bd6a28
cue/cv-10519.b,1755488,53b5d9f9ca6d1923ee945a2cec2b3564
cue/cv-10519-battle.b,244480,bdc66f16685ba43b64b13795c89f173e
cue/cv-10514.b,999456,d4c9fecdaed4397b11879965e3a661b0
cue/cv-10514-battle.b,147008,6b4d8bf306e1cb451ec29ce33c6cad19
cue/cv-10513.b,1590624,b62355cf204c9e459ef3f179606bf703
cue/cv-10513-battle.b,111040,76b752b1985ddd8433171ddcf8ae5159
cue/cv-10512.b,1228704,cd31cede6f6624e9db6641ae555b9767
cue/cv-10512-battle.b,117984,1b472026963caa90cd9a916e981dd17b
cue/cv-10508.b,1101696,f309b2283e584da231a40cd5b1d4d8ba
cue/cv-10508-battle.b,92576,e78136fd1d5787d78f5e28cb2a71bb8a
cue/cv-10507.b,1010944,8ce943ed035edb1ca26d04e9fece1174
cue/cv-10507-battle.b,104160,40529df93625c1afc87552cda78fcd8f
cue/cv-10504.b,1076608,792669cfc7e0e7aa22bab335990d4e22
cue/cv-10504-battle.b,221952,56c4b0ae5bbfa7f6a52fb8fea1cd117a
cue/cv-10503.b,1081664,7155958f334bcd0421dc75dd8e32445d
cue/cv-10503-battle.b,103936,441861e6a21e860938e5e3bb2d7710a0
cue/cv-10502.b,1249600,6ed93a581557c04dc7a013032c72e09a
cue/cv-10502-battle.b,115680,904c396b536dfaffa0d4fbe950dfb589
cue/cv-10501.b,1481088,87d2dd85774cceeb3454fbe9add4277e
cue/cv-10501-battle.b,178880,5e392d90f4efc9a312aff3bd41e0c6de
cue/cv-10311.b,1090016,a86d397dfc450bb918c5865008234508
cue/cv-10311-battle.b,134336,9ac10ae4c993528dd59b9b3238973998
cue/cv-10310.b,2253856,a5af11e94d36dc48210d697e4fce7359
cue/cv-10310-battle.b,128704,909f7198fefca21c9f68f7715d606529
cue/cv-10309.b,2214496,7d4a43cbe48d395ac9c2dccf78974f37
cue/cv-10309-battle.b,154240,5de271c04eafc25c3bff4ef57337d4a1
cue/cv-10308.b,1910976,112d9a0dd163de3974c6b8e51b6bf95f
cue/cv-10308-battle.b,152160,464ab3c157e0e75c40959ff39afca61a
cue/cv-10307.b,946144,af34f0356eadc35b747c6026a490d894
cue/cv-10307-battle.b,176768,5c40c56b058a5c4a0541c2a49132c416
cue/cv-10306.b,1700608,fec667110e42d80fdad716e329c92686
cue/cv-10306-battle.b,147008,57e68e40f39c6d1c02343176877bfd29
cue/cv-10305.b,1151072,9e711e2443fbcb86331eb27f3fb2ef7d
cue/cv-10305-battle.b,171712,788842d0bfadff30034ee42d117fba48
cue/cv-10304.b,1077632,2ba1553eeec3e1fb41ed6b9f0acda01c
cue/cv-10304-battle.b,71008,720202adce76211155d2149a02cd6f8a
cue/cv-10303.b,1122560,38d3d1fe340e476b811fb2d335775176
cue/cv-10303-battle.b,85888,ef81755a8e471a7f354efc7df0f0e3a4
cue/cv-10302.b,1415200,2b2b45cc87e78735680793a5de87c556
cue/cv-10302-battle.b,96160,11b56b4d2bbf5bb9fbad93100e5db6e9
cue/cv-10301.b,1138784,962a8b32443d9a4e4d56495d6e879c9f
cue/cv-10301-battle.b,106048,3e2b807f6f673cc082542b5e2e2dadb5
cue/cv-10215.b,1316096,86d189fbe5bccc9a4d5024764153ad88
cue/cv-10215-battle.b,186816,79700025f257573272a531b6ff75cdaa
cue/cv-10214.b,1316416,ae6b4b87de6bcf36bf64406a8d3482c6
cue/cv-10214-battle.b,171040,b0ba3c9f250efd372148e916fecfe722
cue/cv-10213.b,2766560,50b6111561e5638157de3ca096e2d136
cue/cv-10213-battle.b,195520,0bee5f92fbb964234845284a8fa91c25
cue/cv-10212.b,2584736,06123fc44237ca68c01086b82c0d1143
cue/cv-10212-battle.b,199904,0e554571909c6dbd6cb93af1c4733558
cue/cv-10211.b,1173408,38192bcb4778f377218cd388ee369669
cue/cv-10211-battle.b,98912,7942ae8c332775b259c920325cd0c8f7
cue/cv-10210.b,1265664,264c87ea5237f3faba03ff86f6ad5ef7
cue/cv-10210-battle.b,188512,041f5c623821a0850a01d6c94c3d1791
cue/cv-10209.b,2917120,dfe7463770bb7cd41792589f8e441a6b
cue/cv-10209-battle.b,159008,c7f7066bbbaf30eccef964997b8adc81
cue/cv-10208.b,2024960,e59d8fe6758ce8f1e3cad0a07e353064
cue/cv-10208-battle.b,206752,ed85ce55f95922276ed0831b7650eb0a
cue/cv-10207.b,1576288,c521af64141859ad44266cb57e1006a9
cue/cv-10207-battle.b,213824,83280f09827cc2ec081c45812593be5b
cue/cv-10206.b,1060064,1493b1453a8cedefc62f11a1b4686f11
cue/cv-10206-battle.b,122016,d6ddf612a5fe58abb7f93302c7e6ee79
cue/cv-10205.b,1924288,fb1b56e6530bd6e6a52270e20a375c2c
cue/cv-10205-battle.b,225568,8ce5184bb714d66b1063075567c38956
cue/cv-10204.b,865152,23b417d250795123f28e432b80d80a64
cue/cv-10204-battle.b,118880,47e1c464fff0046ad65ba45f9abffd71
cue/cv-10203.b,1065696,414687c775acb1a099d77debc1f7da11
cue/cv-10203-battle.b,81408,b05516d839d151436942fabd7baf869b
cue/cv-10202.b,920192,27c88fda85a7c021de123a52faf711d7
cue/cv-10202-battle.b,108928,68056fba91ef803a8993e0a833fc044f
cue/cv-10201.b,1136736,ed61e5c7d57295c304503ffe1318980e
cue/cv-10201-battle.b,117408,3836d6121b5cfe4e49f9673ce993165b
cue/cv-1020002.b,1004032,51aff32bed5a8502090e1c852d150f2b
cue/cv-1020002-battle.b,115712,4d021fe8bd01f860581055efb1f173a6
cue/cv-1020001.b,984192,c9b4d22da48534b01a52b08959257bee
cue/cv-1020001-battle.b,159136,69da1758f4172c8c38dd7318c65fb629
cue/cv-10131.b,2384320,f7989597a7fc95aaac5e59e16c9d3c21
cue/cv-10131-battle.b,182784,cb52bf624dc71cd92dc641d90c5cf486
cue/cv-10130.b,2060000,202d3a947e9f5e8206c97814e10810ea
cue/cv-10130-battle.b,201920,a042fc8f53fd422b924ea187ede246d4
cue/cv-10129.b,1492672,14e62e809b5caed003c7fd42533eb570
cue/cv-10129-battle.b,122144,67f4392c2f82b31ea61a610bd1a8269d
cue/cv-10127.b,1485504,1a27113493f55bf129f24acf642f0c09
cue/cv-10127-battle.b,208352,98b62e5a844337fdb1049f56e1563516
cue/cv-10126.b,1148192,08d14edba26e557bcbf1cb81b2fd9ea0
cue/cv-10126-battle.b,111360,764d394a868586512df37eeb02e309c7
cue/cv-10125.b,1924896,87f91b516a0de617546353a1cd78a0e4
cue/cv-10125-battle.b,128992,e8e3d0085cb151a9fea27548c24281d9
cue/cv-10124.b,1224448,0594fe9ae14e5289bf7119f6aa46264b
cue/cv-10124-battle.b,123392,f9fdfc8929a370e0c5c6bbc637851035
cue/cv-10116.b,1349216,5725d074f1a54833b49123bce0513c66
cue/cv-10116-battle.b,155488,7d35763b28ce8772fcd5651c4fa96bd6
cue/cv-10115.b,1329216,ad3b7265664851e9b897556b0a859bf7
cue/cv-10115-battle.b,153472,808f84703ecfe5a244c65ee731ea3516
cue/cv-10114.b,1225344,54d2050949f656d661b4f6de9115fad3
cue/cv-10114-battle.b,156032,66bed36385846a6dc7f10f280f123e77
cue/cv-10113.b,949728,81e8e57ea5e9fa43a8a1b431163f33cd
cue/cv-10113-battle.b,148160,7c473e627a1f11182d56e9a88619982f
cue/cv-10112.b,1002880,21ffeb39055858f56d27ed97149650ae
cue/cv-10112-battle.b,116224,4ab7c7000a722f561ecea152aa436420
cue/cv-10111.b,1078048,3cb4b9457858e0cbf13d4de6cc20187a
cue/cv-10111-battle.b,223520,a49a5de3a80976357bda4055a7032f54
cue/cv-10109.b,1440448,86c735d7d293606f41b9250ae832da27
cue/cv-10109-battle.b,154304,e932a8a1c34dca2c06756082f904dc9d
cue/cv-10108.b,953312,edefd4f30e3484b9f05fbb9c33e43199
cue/cv-10108-battle.b,122336,22192382615b733d3538162d3af798bd
cue/cv-10107.b,1316224,0f2f4ef7a39637d970f1fbb4145a540c
cue/cv-10107-battle.b,190176,084f252c7f0cccf1d04c4517f3c87cae
cue/cv-10106.b,1438272,f2a741105bd91cf94fd17c6111cd2644
cue/cv-10106-battle.b,173856,d291ec856a589c069bbf616205696b84
cue/cv-10105.b,1631072,f3f2134b2bd55bc87808759bd1f94b30
cue/cv-10105-battle.b,120288,84d2ebaf7c8f11812dd10cc8516f9947
cue/cv-10104.b,1660544,b54e2b331c4fe25855721974985ada31
cue/cv-10104-battle.b,129184,9c8f7e8412689d2e30617aaa44b237e6
cue/cv-10103.b,1422976,0f85721822cc023fa3b4382770d7872d
cue/cv-10103-battle.b,116256,58e4b040fc1b659c17076c3b8d1471a0
cue/cv-1010008.b,1113088,fb4e36656b756cdb7a37a89ad902d5c9
cue/cv-1010008-battle.b,176832,f88c1467f59c497a556e9592c8fd7601
cue/cv-1010007.b,949952,fce164b97192471b11e7ea89642f089c
cue/cv-1010007-battle.b,164096,8be9a89f9a1abc767930a7c83d2a58db
cue/cv-1010006.b,1114272,f4ca5c078d8cc1de5c36106b5eba1d27
cue/cv-1010006-battle.b,149760,0ba730b16ee31dbf6b6ba8cc7ffe5aae
cue/cv-1010005.b,1165984,5dc79507b5260ca93bb6176e8fc8e3ff
cue/cv-1010005-battle.b,165760,32840d88c230ceb532d991c1d6a18c42
cue/cv-1010004.b,1279936,37eee3edfc4f854b00ec452d9892831c
cue/cv-1010004-battle.b,282144,247569cbe4aa0a037b6fa32820dd4347
cue/cv-1010003.b,1127584,bf2425f9a3f8384e060430682183d341
cue/cv-1010003-battle.b,132992,4221e5ad00d09d40065024166b1880a8
cue/cv-1010002.b,1276640,2599e5a28f8caeca1cb11b4c96d21ace
cue/cv-1010002-battle.b,178880,8cdab324359a8826a902d9da330d6ba8
cue/cv-1010001.b,1095584,6a9d0f66f60d8251e452de4c17cff121
cue/cv-1010001-battle.b,185856,2dc17a04333b336ec4923c5603c858ee
cue/cv-10001.b,1334208,8c3ecd9618c6d236279d3d2c841fbd11
cue/cv-10001-battle.b,113856,bbb9a56a33eeefe6ababc5ba22620e1a
cue/cv-10000.b,1043488,795e6eaeda38c7416e17ab13ddb1b519
cue/cv-10000-battle.b,130144,c2e40b82e0bb0d8b1c02b0fe00c011b8
cue/cv-30160.b,1820256,ef780d38d258c4556939404365a7f6be
cue/cv-90501.b,1420096,5f885d4f1a576dc12c766f9095909585
cue/cv-90501-battle.b,197568,d8fc359810e6ee4cb2a9b2e55fa486a8
cue/cv-30160-battle.b,224096,c20cb74e8a50bcc3771c1a5a91913c79
cue/cv-50104.b,1519168,228d15773838359cc189f03714fa931d
cue/cv-50102.b,1476224,6f3be443520d56db8607760102a339b6
cue/cv-40125.b,2019200,5d9ee6194b791767e9ffea0bf010f294
cue/cv-501032.b,2013888,d09740c3ad54e335433d0abea70c07e9
cue/cv-502032.b,680544,feaa8ec79b7f1f63bdd75d71840c94b9
cue/cv-502022.b,711968,7055a547ec561e63854b268c853a6cd5
cue/cv-501042.b,1519168,228d15773838359cc189f03714fa931d
cue/cv-502032-battle.b,79008,050a0eb40d1be100baf382b44da84262
cue/cv-50103.b,2013888,d09740c3ad54e335433d0abea70c07e9
cue/cv-502022-battle.b,77632,ff49b6f54380257bfa22547b368017bd
cue/cv-501022.b,1476224,6f3be443520d56db8607760102a339b6
cue/cv-501042-battle.b,232736,fbb26149bbf7d4f1077b5368b1c663db
cue/cv-50104-battle.b,232736,fbb26149bbf7d4f1077b5368b1c663db
cue/cv-501032-battle.b,190112,f34d01405871394b7b317febf21a21f9
cue/cv-50103-battle.b,190112,f34d01405871394b7b317febf21a21f9
cue/cv-501012.b,1266272,7b3a632677a65a68251f828be89c553b
cue/cv-501022-battle.b,210656,87cfdd81fb67fc86d87dd7521a26a513
cue/cv-30125.b,1651648,b51ef62571d1377f1bcd80c68a9453bb
cue/cv-50102-battle.b,210656,87cfdd81fb67fc86d87dd7521a26a513
cue/cv-50101.b,1266272,7b3a632677a65a68251f828be89c553b
cue/cv-501012-battle.b,225568,6be174cb394c2387fe89e88235202acc
cue/cv-50101-battle.b,225568,6be174cb394c2387fe89e88235202acc
cue/cv-40125-battle.b,142496,a709bd18c4dd32b71a94585f6b70768c
cue/cv-20219.b,3075936,4207d96097caf61aaf589ff109e73a10
cue/cv-30125-battle.b,266016,211f332cfcf00f85439978eb121537cf
cue/cv-20219-battle.b,342080,e77ea8e9935b8b45b234173b560b64bc
cue/cv-10137.b,2428736,37eb350e08aea38dff373be91498d71f
cue/cv-10136.b,2214752,a0d2bc2aaf185aec9651835888b39aec
cue/cv-1030006.b,2365856,1433af791e96eddfde373fe58cd17dc7
cue/cv-10313.b,1878048,8f00f5313aabc704e89881879d3d2943
cue/cv-10313-battle.b,191904,acc7b92bb4106e8ec85a9e7d79d1a270
cue/cv-1030006-battle.b,180800,758953bf20d260ad3c98afa070bc53f1
cue/cv-10136-battle.b,222720,1254d424e2d3da961df8933fa6bb3ea0
cue/cv-10137-battle.b,238048,2f815830b25161c77ad4a0ea721ab89f
cue/cv-80103.b,1248480,e2f956e283fe163c106780487c0320a2
cue/cv-80103-battle.b,163744,d5acee70b799e0319bee27230fc064f7
cue/cv-40803.b,1909440,fa5132547f11f105401c374843849e1b
cue/cv-30606.b,1417632,cc01eb70c799335eb7f0dc497fc5f3f1
cue/cv-40802.b,1724544,f4aeaccbed4c5488930f3b3e8c3a0625
cue/cv-30606-battle.b,99488,ef3f5fa8dc22c8f3c75ff9eaf580b143
cue/cv-40802-battle.b,156416,d4cc69b7ccf82c011b8c1498cee2fa8b
cue/cv-40803-battle.b,117984,570c07221c95f3677c8dad5888c6e586
cue/cv-10510-battle.b,130592,be42f19145ef0663783970ed766104ae
cue/cv-10511.b,1716672,55cfaf77d5bce814c0f7fc29a33efbe1
cue/cv-10509.b,1702976,398585d98bf86307038f5d8fd839a995
cue/cv-10511-battle.b,168832,a09c6e9dff2cdaf6fbcc8d5b9f81824a
cue/cv-1030001.b,2771584,b55ebb6aec0b52ef4ac7730595de5c07
cue/cv-1030001-battle.b,248704,eed1a4048cec6bd61e2814eae3408f67
cue/cv-1030002-battle.b,236864,ea7a89a4cb5fd484715353443b3ccf80
cue/cv-1030003-battle.b,244640,49b54ce1d34670d4cec81c2621e32f9e
cue/cv-1030005.b,2034016,97806896f6c9b764d0ca06418ae36c70
cue/cv-10510.b,1471168,599a91a74341fbeae93da71aca801003
cue/cv-10509-battle.b,214016,a1fa4f01fa73d71f78e3b7b37c551d40
cue/cv-1030005-battle.b,158176,829a7088e385d20279268005890fbd8d
cue/cv-10216.b,1630272,ab50729adeca934b0cfa7b2505482e0e
cue/cv-1030002.b,1956992,f2d80d5f072edc943b6feae56afdba33
cue/cv-1030003.b,2367776,13aa823c6333d402c68685a9209587ed
cue/cv-1030004.b,516096,b9d9ed8e56e2acb2aaddcb83a0dae154
cue/cv-1030004-battle.b,92896,e793d67a61bf02a1401561e6df48beb4
cue/cv-10216-battle.b,193472,93b70d1fc28a6121de8c55ef6757c0ca
cue/cv-10133.b,1238688,5a1e38c28fbd5ef1c5a97084b78bbc7d
cue/cv-10133-battle.b,120896,d5114e346e1dc03a2b92025ee166537d
cue/cv-10218-battle.b,212512,4577915f6a01bd7db26aadd15c31ae75
cue/cv-10709.b,1954144,ae4b8ddd487f0cd7dc9941bdbfb25737
cue/cv-10709-battle.b,224736,8821165fcd8b93f3b81d334617f4ab2b
cue/cv-10218.b,1802752,343d93558ba3bb876fce8c1bd37b09c6
cue/cv-30405.b,1780448,3db8a6fa61e39f4ed626af8215eb1d81
cue/cv-30309.b,1909184,00f2569ec21dbda180c798334d948a66
cue/cv-30507.b,1475360,28130ed6c2a664db57087737a501f10f
cue/cv-30507-battle.b,218816,1194895783054d784f2417aae48b43d0
cue/cv-30405-battle.b,229824,ba0beaa180d478a8342c3ff7cc001b91
cue/cv-30309-battle.b,163232,f354b7e3e0d838bf77ae022ea7dcce5e
cue/cv-50201.b,1277664,7b79cebc2c5a7e39aee9991d08297ccc
cue/cv-50201-battle.b,232416,526cf33b5d909e6f9912256efd04c23c
cue/cv-20604.b,2509728,787a22dc291e63f4bcfbe981a2821e4b
cue/cv-30139.b,1771360,7a5814b518e474840e6578985a2edf91
cue/cv-30139-battle.b,252480,df3eb61259ba0ac125290900f565477d
cue/cv-20604-battle.b,200960,0009cfe62a2c1cf97c6695ddfc4d8e62